Name, IO Area (sq.mm), IO Timing Margin (ps), IO Voltage Margin (V), IO Dynamic Power (mW), PHY Power (mW), PHY Wakeup Time (us), IO Termination and Bias Power (mW), Access time (ns), Cycle time (ns), Precharge Delay (ns), Activate Energy (nJ), Read Energy (nJ), Write Energy (nJ), Precharge Energy (nJ), Leakage Power Closed Page (mW), Leakage Power Open Page (mW), Leakage Power I/O (mW), Refresh power (mW), Cache height (mm), Cache width (mm)
bus_freq_400.cfg.txt, 3.12514, -3.33304e+06, -3993.84, 825.106, 131.376, 27.503, 895.99, 6.1071,  12.321, 0, 0.0361576, 0.868594, 0.868265, 0.209707, 1.28923, 1.28974, 29.9849, 0.0119225, 1.95398, 2.6451
bus_freq_533.cfg.txt, 3.21752, 99.0432, 0.125, 922.227, 165.084, 27.503, 1517.07, 6.1071,  12.321, 0, 0.0361576, 0.868594, 0.868265, 0.209707, 1.28923, 1.28974, 29.9849, 0.0119225, 1.95398, 2.6451
bus_freq_667.cfg.txt, 3.31909, 4.81259, 0.125, 1083.37, 199.044, 27.503, 1517.07, 6.1071,  12.321, 0, 0.0361576, 0.868594, 0.868265, 0.209707, 1.28923, 1.28974, 29.9849, 0.0119225, 1.95398, 2.6451
bus_freq_0.cfg.txt, 2.89059, inf, -3993.84, 0, 30, 27.503, 895.99, 6.1071,  12.321, 0, 0.0361576, 0.868594, 0.868265, 0.209707, 1.28923, 1.28974, 29.9849, 0.0119225, 1.95398, 2.6451