Name, IO Area (sq.mm), IO Timing Margin (ps), IO Voltage Margin (V), IO Dynamic Power (mW), PHY Power (mW), PHY Wakeup Time (us), IO Termination and Bias Power (mW), Access time (ns), Cycle time (ns), Precharge Delay (ns), Activate Energy (nJ), Read Energy (nJ), Write Energy (nJ), Precharge Energy (nJ), Leakage Power Closed Page (mW), Leakage Power Open Page (mW), Leakage Power I/O (mW), Refresh power (mW), Cache height (mm), Cache width (mm)
ron_value_30.cfg.txt, 3.73027, -22.9902, 0.128529, 945.552, 232.752, 27.503, 2093.4, 6.1071,  12.321, 0, 0.0361576, 0.868594, 0.868265, 0.209707, 1.28923, 1.28974, 29.9849, 0.0119225, 1.95398, 2.6451
ron_value_40.cfg.txt, 3.0902, -25.9314, 0.119706, 914.734, 232.752, 27.503, 2018.75, 6.1071,  12.321, 0, 0.0361576, 0.868594, 0.868265, 0.209707, 1.28923, 1.28974, 29.9849, 0.0119225, 1.95398, 2.6451
ron_value_50.cfg.txt, 2.70616, -28.8725, 0.0908597, 890.238, 232.752, 27.503, 1959.41, 6.1071,  12.321, 0, 0.0361576, 0.868594, 0.868265, 0.209707, 1.28923, 1.28974, 29.9849, 0.0119225, 1.95398, 2.6451
ron_value_20.cfg.txt, 5.01041, -20.049, 0.137353, 985.5, 232.752, 27.503, 2190.18, 6.1071,  12.321, 0, 0.0361576, 0.868594, 0.868265, 0.209707, 1.28923, 1.28974, 29.9849, 0.0119225, 1.95398, 2.6451
ron_value_10.cfg.txt, 8.85082, -17.1078, 0.146176, 1039.34, 232.752, 27.503, 2320.61, 6.1071,  12.321, 0, 0.0361576, 0.868594, 0.868265, 0.209707, 1.28923, 1.28974, 29.9849, 0.0119225, 1.95398, 2.6451