Name, IO Area (sq.mm), IO Timing Margin (ps), IO Voltage Margin (V), IO Dynamic Power (mW), PHY Power (mW), PHY Wakeup Time (us), IO Termination and Bias Power (mW), Access time (ns), Cycle time (ns), Precharge Delay (ns), Activate Energy (nJ), Read Energy (nJ), Write Energy (nJ), Precharge Energy (nJ), Leakage Power Closed Page (mW), Leakage Power Open Page (mW), Leakage Power I/O (mW), Refresh power (mW), Cache height (mm), Cache width (mm)
addr_timing_0.5.cfg.txt, inf, -14.1667, 0.155, 1365.74, 232.752, 27.503, 2505.96, 5.02937,  12.8915, 0, 0.0111722, 0.0447853, 0.0291295, 0.105185, 0.000306837, 0.000306929, 9.73572e-05, 0.00150189, 0.401884, 0.221343
addr_timing_1.0.cfg.txt, inf, -14.1667, 0.155, 1506.36, 232.752, 27.503, 2505.96, 5.02937,  12.8915, 0, 0.0111722, 0.0447853, 0.0291295, 0.105185, 0.000306837, 0.000306929, 9.73572e-05, 0.00150189, 0.401884, 0.221343
addr_timing_3.0.cfg.txt, inf, -14.1667, 0.155, 2068.86, 232.752, 27.503, 2505.96, 5.02937,  12.8915, 0, 0.0111722, 0.0447853, 0.0291295, 0.105185, 0.000306837, 0.000306929, 9.73572e-05, 0.00150189, 0.401884, 0.221343
addr_timing_2.0.cfg.txt, inf, -14.1667, 0.155, 1787.61, 232.752, 27.503, 2505.96, 5.02937,  12.8915, 0, 0.0111722, 0.0447853, 0.0291295, 0.105185, 0.000306837, 0.000306929, 9.73572e-05, 0.00150189, 0.401884, 0.221343